Dose(krad),Is,n
10,2.99496956e-17,1.00616808
20,6.98840308e-16,1.13451647
30,2.44602932e-15,1.19302766
50,1.64676057e-14,1.2902712