Dose(krad),Is,n
5,5.21417438e-16,1.38806054
10,1.24817314e-15,1.43996234
20,1.99296908e-15,1.43233443
50,4.33031726e-15,1.45903907
100,9.12205469e-15,1.49162425
200,2.57234823e-14,1.55343393
500,1.12638381e-13,1.66110056
1000,1.98010444e-13,1.68412917
