Dose(krad),Is,n
5,1.07791433e-18,1.03265289
10,8.78832456e-17,1.27483344
20,3.09315627e-15,1.54138665
50,1.29073597e-14,1.61567618
