Dose(krad),Is,n
5,1.5669945e-15,1.40701638
10,4.84357798e-15,1.38474383
20,1.67682042e-14,1.42886899
30,3.15114314e-14,1.45695271