Dose(krad),Is,n
5,2.59316902e-15,1.46413744
10,6.17498791e-15,1.42396094
20,1.96305819e-14,1.44233042
30,3.19947206e-14,1.45550579
40,4.54459122e-14,1.47006673