Dose(krad),Is,n
5,5.21417438e-16,1.38806054
10,1.24817314e-15,1.43996234
20,1.99296908e-15,1.43233443
50,4.33031726e-15,1.45903907
