Dose(krad),Is,n
10,8.94736892e-14,1.49416103
20,1.58360606e-13,1.47966688
30,2.26694884e-13,1.47444708
50,3.63065122e-13,1.47010506